POP_SIZE,max_gen,elitism,mut_prob,xo_prob,mutation,crossover,selection_algorithm,best_fitness,timestamp
50,100,True,0.2,0.9,full_position_swap_2teams,crossover_swap_whole_position,roulette_selection,0.13997084244475427,2025-05-15 10:37:08.375512
50,100,True,0.3,0.8,single_player_shift_all_teams,crossover_swap_whole_position,tournament_selection,0.16659862556700386,2025-05-15 10:37:39.890512
50,50,True,0.1,0.7,single_player_swap_2teams,crossover_swap_whole_position,roulette_selection,0.05714285714285552,2025-05-17 11:45:30.533322
50,50,True,0.1,0.7,single_player_swap_2teams,crossover_swap_whole_position,tournament_selection,0.05714285714285552,2025-05-17 11:45:33.096509
50,50,True,0.1,0.7,single_player_swap_2teams,crossover_swap_extreme_player,roulette_selection,0.05714285714285552,2025-05-17 11:45:42.008023
50,50,True,0.1,0.7,single_player_swap_2teams,crossover_swap_extreme_player,tournament_selection,0.05714285714285552,2025-05-17 11:45:44.540650
50,50,True,0.1,0.7,single_player_shift_all_teams,crossover_swap_whole_position,roulette_selection,0.20995626366712708,2025-05-17 11:45:53.692009
50,50,True,0.1,0.7,single_player_shift_all_teams,crossover_swap_whole_position,tournament_selection,0.1895214165917356,2025-05-17 11:45:56.263294
50,50,True,0.1,0.7,single_player_shift_all_teams,crossover_swap_extreme_player,roulette_selection,0.16659862556700822,2025-05-17 11:46:04.656296
50,50,True,0.1,0.7,single_player_shift_all_teams,crossover_swap_extreme_player,tournament_selection,0.20995626366712705,2025-05-17 11:46:07.041474
50,50,True,0.1,0.7,full_position_swap_2teams,crossover_swap_whole_position,roulette_selection,0.13997084244475427,2025-05-17 11:46:15.192113
50,50,True,0.1,0.7,full_position_swap_2teams,crossover_swap_whole_position,tournament_selection,0.10690449676496672,2025-05-17 11:46:17.670305
50,50,True,0.1,0.7,full_position_swap_2teams,crossover_swap_extreme_player,roulette_selection,0.10690449676496672,2025-05-17 11:46:29.007855
50,50,True,0.1,0.7,full_position_swap_2teams,crossover_swap_extreme_player,tournament_selection,0.10690449676496672,2025-05-17 11:46:31.343827
50,50,True,0.1,0.8,single_player_swap_2teams,crossover_swap_whole_position,roulette_selection,0.05714285714285552,2025-05-17 11:46:40.749766
50,50,True,0.1,0.8,single_player_swap_2teams,crossover_swap_whole_position,tournament_selection,0.05714285714285552,2025-05-17 11:46:43.289948
50,50,True,0.1,0.8,single_player_swap_2teams,crossover_swap_extreme_player,roulette_selection,0.05714285714285552,2025-05-17 11:46:51.420602
50,50,True,0.1,0.8,single_player_swap_2teams,crossover_swap_extreme_player,tournament_selection,0.05714285714285552,2025-05-17 11:46:54.006441
50,50,True,0.1,0.8,single_player_shift_all_teams,crossover_swap_whole_position,roulette_selection,0.16659862556700822,2025-05-17 11:47:02.806995
50,50,True,0.1,0.8,single_player_shift_all_teams,crossover_swap_whole_position,tournament_selection,0.16659862556700822,2025-05-17 11:47:05.220861
50,50,True,0.1,0.8,single_player_shift_all_teams,crossover_swap_extreme_player,roulette_selection,0.16659862556700822,2025-05-17 11:47:13.602334
50,50,True,0.1,0.8,single_player_shift_all_teams,crossover_swap_extreme_player,tournament_selection,0.16659862556700822,2025-05-17 11:47:16.130661
50,50,True,0.1,0.8,full_position_swap_2teams,crossover_swap_whole_position,roulette_selection,0.10690449676496672,2025-05-17 11:47:24.556075
50,50,True,0.1,0.8,full_position_swap_2teams,crossover_swap_whole_position,tournament_selection,0.10690449676496672,2025-05-17 11:47:27.089097
50,50,True,0.1,0.8,full_position_swap_2teams,crossover_swap_extreme_player,roulette_selection,0.10690449676496672,2025-05-17 11:47:35.410733
50,50,True,0.1,0.8,full_position_swap_2teams,crossover_swap_extreme_player,tournament_selection,0.05714285714285552,2025-05-17 11:47:37.942918
50,50,True,0.1,0.9,single_player_swap_2teams,crossover_swap_whole_position,roulette_selection,0.05714285714285552,2025-05-17 11:47:46.570437
50,50,True,0.1,0.9,single_player_swap_2teams,crossover_swap_whole_position,tournament_selection,0.05714285714285552,2025-05-17 11:47:49.103194
50,50,True,0.1,0.9,single_player_swap_2teams,crossover_swap_extreme_player,roulette_selection,0.05714285714285552,2025-05-17 11:47:57.491135
50,50,True,0.1,0.9,single_player_swap_2teams,crossover_swap_extreme_player,tournament_selection,0.05714285714285552,2025-05-17 11:48:00.333454
50,50,True,0.1,0.9,single_player_shift_all_teams,crossover_swap_whole_position,roulette_selection,0.16659862556700386,2025-05-17 11:48:08.702093
50,50,True,0.1,0.9,single_player_shift_all_teams,crossover_swap_whole_position,tournament_selection,0.1895214165917356,2025-05-17 11:48:11.103857
50,50,True,0.1,0.9,single_player_shift_all_teams,crossover_swap_extreme_player,roulette_selection,0.16659862556700822,2025-05-17 11:48:19.530120
50,50,True,0.1,0.9,single_player_shift_all_teams,crossover_swap_extreme_player,tournament_selection,0.22857142857142845,2025-05-17 11:48:22.073486
50,50,True,0.1,0.9,full_position_swap_2teams,crossover_swap_whole_position,roulette_selection,0.05714285714285552,2025-05-17 11:48:30.511338
50,50,True,0.1,0.9,full_position_swap_2teams,crossover_swap_whole_position,tournament_selection,0.05714285714285552,2025-05-17 11:48:33.269557
50,50,True,0.1,0.9,full_position_swap_2teams,crossover_swap_extreme_player,roulette_selection,0.16659862556700386,2025-05-17 11:48:41.521404
50,50,True,0.1,0.9,full_position_swap_2teams,crossover_swap_extreme_player,tournament_selection,0.05714285714285552,2025-05-17 11:48:44.034660
50,50,True,0.2,0.7,single_player_swap_2teams,crossover_swap_whole_position,roulette_selection,0.05714285714285552,2025-05-17 11:48:52.807379
50,50,True,0.2,0.7,single_player_swap_2teams,crossover_swap_whole_position,tournament_selection,0.05714285714285552,2025-05-17 11:48:55.334157
50,50,True,0.2,0.7,single_player_swap_2teams,crossover_swap_extreme_player,roulette_selection,0.05714285714285552,2025-05-17 11:49:03.771003
50,50,True,0.2,0.7,single_player_swap_2teams,crossover_swap_extreme_player,tournament_selection,0.05714285714285552,2025-05-17 11:49:06.666964
50,50,True,0.2,0.7,single_player_shift_all_teams,crossover_swap_whole_position,roulette_selection,0.16659862556700822,2025-05-17 11:49:15.069059
50,50,True,0.2,0.7,single_player_shift_all_teams,crossover_swap_whole_position,tournament_selection,0.16659862556700822,2025-05-17 11:49:17.583822
50,50,True,0.2,0.7,single_player_shift_all_teams,crossover_swap_extreme_player,roulette_selection,0.209956263667129,2025-05-17 11:49:26.126864
50,50,True,0.2,0.7,single_player_shift_all_teams,crossover_swap_extreme_player,tournament_selection,0.05714285714285552,2025-05-17 11:49:28.689842
50,50,True,0.2,0.7,full_position_swap_2teams,crossover_swap_whole_position,roulette_selection,0.10690449676496672,2025-05-17 11:49:37.311665
50,50,True,0.2,0.7,full_position_swap_2teams,crossover_swap_whole_position,tournament_selection,0.10690449676496672,2025-05-17 11:49:39.876014
50,50,True,0.2,0.7,full_position_swap_2teams,crossover_swap_extreme_player,roulette_selection,0.1895214165917356,2025-05-17 11:49:48.123407
50,50,True,0.2,0.7,full_position_swap_2teams,crossover_swap_extreme_player,tournament_selection,0.10690449676496672,2025-05-17 11:49:50.636723
50,50,True,0.2,0.8,single_player_swap_2teams,crossover_swap_whole_position,roulette_selection,0.05714285714285552,2025-05-17 11:49:59.473945
50,50,True,0.2,0.8,single_player_swap_2teams,crossover_swap_whole_position,tournament_selection,0.05714285714285552,2025-05-17 11:50:01.950521
50,50,True,0.2,0.8,single_player_swap_2teams,crossover_swap_extreme_player,roulette_selection,0.05714285714285552,2025-05-17 11:50:10.643955
50,50,True,0.2,0.8,single_player_swap_2teams,crossover_swap_extreme_player,tournament_selection,0.05714285714285552,2025-05-17 11:50:13.229037
50,50,True,0.2,0.8,single_player_shift_all_teams,crossover_swap_whole_position,roulette_selection,0.16659862556700386,2025-05-17 11:50:21.613684
50,50,True,0.2,0.8,single_player_shift_all_teams,crossover_swap_whole_position,tournament_selection,0.13997084244474906,2025-05-17 11:50:24.395228
50,50,True,0.2,0.8,single_player_shift_all_teams,crossover_swap_extreme_player,roulette_selection,0.10690449676496672,2025-05-17 11:50:32.989472
50,50,True,0.2,0.8,single_player_shift_all_teams,crossover_swap_extreme_player,tournament_selection,0.16659862556700822,2025-05-17 11:50:35.524535
50,50,True,0.2,0.8,full_position_swap_2teams,crossover_swap_whole_position,roulette_selection,0.10690449676496672,2025-05-17 11:50:44.246723
50,50,True,0.2,0.8,full_position_swap_2teams,crossover_swap_whole_position,tournament_selection,0.05714285714285552,2025-05-17 11:50:46.733085
50,50,True,0.2,0.8,full_position_swap_2teams,crossover_swap_extreme_player,roulette_selection,0.10690449676496672,2025-05-17 11:50:55.032668
50,50,True,0.2,0.8,full_position_swap_2teams,crossover_swap_extreme_player,tournament_selection,0.05714285714285552,2025-05-17 11:50:57.860616
50,50,True,0.2,0.9,single_player_swap_2teams,crossover_swap_whole_position,roulette_selection,0.05714285714285552,2025-05-17 11:51:06.246814
50,50,True,0.2,0.9,single_player_swap_2teams,crossover_swap_whole_position,tournament_selection,0.05714285714285552,2025-05-17 11:51:08.727234
50,50,True,0.2,0.9,single_player_swap_2teams,crossover_swap_extreme_player,roulette_selection,0.05714285714285552,2025-05-17 11:51:17.215263
50,50,True,0.2,0.9,single_player_swap_2teams,crossover_swap_extreme_player,tournament_selection,0.05714285714285552,2025-05-17 11:51:19.911196
50,50,True,0.2,0.9,single_player_shift_all_teams,crossover_swap_whole_position,roulette_selection,0.2457807219155049,2025-05-17 11:51:28.769938
50,50,True,0.2,0.9,single_player_shift_all_teams,crossover_swap_whole_position,tournament_selection,0.10690449676496672,2025-05-17 11:51:31.281453
50,50,True,0.2,0.9,single_player_shift_all_teams,crossover_swap_extreme_player,roulette_selection,0.1895214165917356,2025-05-17 11:51:39.654392
50,50,True,0.2,0.9,single_player_shift_all_teams,crossover_swap_extreme_player,tournament_selection,0.1895214165917356,2025-05-17 11:51:42.918819
50,50,True,0.2,0.9,full_position_swap_2teams,crossover_swap_whole_position,roulette_selection,0.16659862556700822,2025-05-17 11:51:51.980341
50,50,True,0.2,0.9,full_position_swap_2teams,crossover_swap_whole_position,tournament_selection,0.05714285714285552,2025-05-17 11:51:54.497548
50,50,True,0.2,0.9,full_position_swap_2teams,crossover_swap_extreme_player,roulette_selection,0.05714285714285552,2025-05-17 11:52:03.316481
50,50,True,0.2,0.9,full_position_swap_2teams,crossover_swap_extreme_player,tournament_selection,0.05714285714285552,2025-05-17 11:52:05.874593
50,50,True,0.3,0.7,single_player_swap_2teams,crossover_swap_whole_position,roulette_selection,0.05714285714285552,2025-05-17 11:52:14.319349
50,50,True,0.3,0.7,single_player_swap_2teams,crossover_swap_whole_position,tournament_selection,0.05714285714285552,2025-05-17 11:52:17.067414
50,50,True,0.3,0.7,single_player_swap_2teams,crossover_swap_extreme_player,roulette_selection,0.05714285714285552,2025-05-17 11:52:25.402417
50,50,True,0.3,0.7,single_player_swap_2teams,crossover_swap_extreme_player,tournament_selection,0.05714285714285552,2025-05-17 11:52:27.914540
50,50,True,0.3,0.7,single_player_shift_all_teams,crossover_swap_whole_position,roulette_selection,0.16659862556700822,2025-05-17 11:52:37.012755
50,50,True,0.3,0.7,single_player_shift_all_teams,crossover_swap_whole_position,tournament_selection,0.13997084244475427,2025-05-17 11:52:39.532154
50,50,True,0.3,0.7,single_player_shift_all_teams,crossover_swap_extreme_player,roulette_selection,0.10690449676496672,2025-05-17 11:52:49.669134
50,50,True,0.3,0.7,single_player_shift_all_teams,crossover_swap_extreme_player,tournament_selection,0.22857142857142707,2025-05-17 11:52:52.306143
50,50,True,0.3,0.7,full_position_swap_2teams,crossover_swap_whole_position,roulette_selection,0.10690449676496672,2025-05-17 11:53:00.740551
50,50,True,0.3,0.7,full_position_swap_2teams,crossover_swap_whole_position,tournament_selection,0.13997084244475427,2025-05-17 11:53:03.293598
50,50,True,0.3,0.7,full_position_swap_2teams,crossover_swap_extreme_player,roulette_selection,0.05714285714285552,2025-05-17 11:53:12.715578
50,50,True,0.3,0.7,full_position_swap_2teams,crossover_swap_extreme_player,tournament_selection,0.05714285714285552,2025-05-17 11:53:15.197897
50,50,True,0.3,0.8,single_player_swap_2teams,crossover_swap_whole_position,roulette_selection,0.05714285714285552,2025-05-17 11:53:24.170143
50,50,True,0.3,0.8,single_player_swap_2teams,crossover_swap_whole_position,tournament_selection,0.05714285714285552,2025-05-17 11:53:27.394913
50,50,True,0.3,0.8,single_player_swap_2teams,crossover_swap_extreme_player,roulette_selection,0.05714285714285552,2025-05-17 11:53:36.472885
50,50,True,0.3,0.8,single_player_swap_2teams,crossover_swap_extreme_player,tournament_selection,0.05714285714285552,2025-05-17 11:53:39.075609
50,50,True,0.3,0.8,single_player_shift_all_teams,crossover_swap_whole_position,roulette_selection,0.16659862556700822,2025-05-17 11:53:48.516444
50,50,True,0.3,0.8,single_player_shift_all_teams,crossover_swap_whole_position,tournament_selection,0.13997084244475427,2025-05-17 11:53:51.084970
50,50,True,0.3,0.8,single_player_shift_all_teams,crossover_swap_extreme_player,roulette_selection,0.16659862556700822,2025-05-17 11:53:59.980009
50,50,True,0.3,0.8,single_player_shift_all_teams,crossover_swap_extreme_player,tournament_selection,0.1895214165917356,2025-05-17 11:54:02.847009
50,50,True,0.3,0.8,full_position_swap_2teams,crossover_swap_whole_position,roulette_selection,0.10690449676496672,2025-05-17 11:54:11.637639
50,50,True,0.3,0.8,full_position_swap_2teams,crossover_swap_whole_position,tournament_selection,0.10690449676496672,2025-05-17 11:54:14.155392
50,50,True,0.3,0.8,full_position_swap_2teams,crossover_swap_extreme_player,roulette_selection,0.05714285714285552,2025-05-17 11:54:22.470339
50,50,True,0.3,0.8,full_position_swap_2teams,crossover_swap_extreme_player,tournament_selection,0.05714285714285552,2025-05-17 11:54:25.277385
50,50,True,0.3,0.9,single_player_swap_2teams,crossover_swap_whole_position,roulette_selection,0.05714285714285552,2025-05-17 11:54:33.737709
50,50,True,0.3,0.9,single_player_swap_2teams,crossover_swap_whole_position,tournament_selection,0.05714285714285552,2025-05-17 11:54:36.333065
50,50,True,0.3,0.9,single_player_swap_2teams,crossover_swap_extreme_player,roulette_selection,0.05714285714285552,2025-05-17 11:54:45.199513
50,50,True,0.3,0.9,single_player_swap_2teams,crossover_swap_extreme_player,tournament_selection,0.05714285714285552,2025-05-17 11:54:47.844509
50,50,True,0.3,0.9,single_player_shift_all_teams,crossover_swap_whole_position,roulette_selection,0.10690449676496672,2025-05-17 11:54:56.594637
50,50,True,0.3,0.9,single_player_shift_all_teams,crossover_swap_whole_position,tournament_selection,0.10690449676496672,2025-05-17 11:54:59.131685
50,50,True,0.3,0.9,single_player_shift_all_teams,crossover_swap_extreme_player,roulette_selection,0.10690449676496672,2025-05-17 11:55:07.401147
50,50,True,0.3,0.9,single_player_shift_all_teams,crossover_swap_extreme_player,tournament_selection,0.16659862556700383,2025-05-17 11:55:09.966260
50,50,True,0.3,0.9,full_position_swap_2teams,crossover_swap_whole_position,roulette_selection,0.05714285714285552,2025-05-17 11:55:18.565630
50,50,True,0.3,0.9,full_position_swap_2teams,crossover_swap_whole_position,tournament_selection,0.05714285714285552,2025-05-17 11:55:21.134122
50,50,True,0.3,0.9,full_position_swap_2teams,crossover_swap_extreme_player,roulette_selection,0.05714285714285552,2025-05-17 11:55:30.113738
50,50,True,0.3,0.9,full_position_swap_2teams,crossover_swap_extreme_player,tournament_selection,0.05714285714285552,2025-05-17 11:55:32.726388
50,100,True,0.1,0.7,single_player_swap_2teams,crossover_swap_whole_position,roulette_selection,0.05714285714285552,2025-05-17 11:55:49.555691
50,100,True,0.1,0.7,single_player_swap_2teams,crossover_swap_whole_position,tournament_selection,0.05714285714285552,2025-05-17 11:55:54.406474
50,100,True,0.1,0.7,single_player_swap_2teams,crossover_swap_extreme_player,roulette_selection,0.05714285714285552,2025-05-17 11:56:11.373558
50,100,True,0.1,0.7,single_player_swap_2teams,crossover_swap_extreme_player,tournament_selection,0.10690449676496672,2025-05-17 11:56:16.818963
50,100,True,0.1,0.7,single_player_shift_all_teams,crossover_swap_whole_position,roulette_selection,0.16659862556700822,2025-05-17 11:56:33.650168
50,100,True,0.1,0.7,single_player_shift_all_teams,crossover_swap_whole_position,tournament_selection,0.22857142857142845,2025-05-17 11:56:38.482848
50,100,True,0.1,0.7,single_player_shift_all_teams,crossover_swap_extreme_player,roulette_selection,0.16659862556700822,2025-05-17 11:56:55.089784
50,100,True,0.1,0.7,single_player_shift_all_teams,crossover_swap_extreme_player,tournament_selection,0.16659862556700822,2025-05-17 11:57:00.171019
50,100,True,0.1,0.7,full_position_swap_2teams,crossover_swap_whole_position,roulette_selection,0.05714285714285552,2025-05-17 11:57:17.319541
50,100,True,0.1,0.7,full_position_swap_2teams,crossover_swap_whole_position,tournament_selection,0.05714285714285552,2025-05-17 11:57:22.498462
50,100,True,0.1,0.7,full_position_swap_2teams,crossover_swap_extreme_player,roulette_selection,0.05714285714285552,2025-05-17 11:57:39.325700
50,100,True,0.1,0.7,full_position_swap_2teams,crossover_swap_extreme_player,tournament_selection,0.05714285714285552,2025-05-17 11:57:44.197811
50,100,True,0.1,0.8,single_player_swap_2teams,crossover_swap_whole_position,roulette_selection,0.05714285714285552,2025-05-17 11:58:01.121609
50,100,True,0.1,0.8,single_player_swap_2teams,crossover_swap_whole_position,tournament_selection,0.05714285714285552,2025-05-17 11:58:06.040742
50,100,True,0.1,0.8,single_player_swap_2teams,crossover_swap_extreme_player,roulette_selection,0.05714285714285552,2025-05-17 11:58:23.039110
50,100,True,0.1,0.8,single_player_swap_2teams,crossover_swap_extreme_player,tournament_selection,0.05714285714285552,2025-05-17 11:58:28.263824
50,100,True,0.1,0.8,single_player_shift_all_teams,crossover_swap_whole_position,roulette_selection,0.1895214165917356,2025-05-17 11:58:45.128383
50,100,True,0.1,0.8,single_player_shift_all_teams,crossover_swap_whole_position,tournament_selection,0.22857142857142707,2025-05-17 11:58:50.175134
50,100,True,0.1,0.8,single_player_shift_all_teams,crossover_swap_extreme_player,roulette_selection,0.1895214165917356,2025-05-17 11:59:06.974545
50,100,True,0.1,0.8,single_player_shift_all_teams,crossover_swap_extreme_player,tournament_selection,0.24578072191550127,2025-05-17 11:59:12.052233
50,100,True,0.1,0.8,full_position_swap_2teams,crossover_swap_whole_position,roulette_selection,0.05714285714285552,2025-05-17 11:59:29.312039
50,100,True,0.1,0.8,full_position_swap_2teams,crossover_swap_whole_position,tournament_selection,0.10690449676496672,2025-05-17 11:59:34.129586
50,100,True,0.1,0.8,full_position_swap_2teams,crossover_swap_extreme_player,roulette_selection,0.10690449676496672,2025-05-17 11:59:50.907196
50,100,True,0.1,0.8,full_position_swap_2teams,crossover_swap_extreme_player,tournament_selection,0.13997084244475427,2025-05-17 11:59:55.856720
50,100,True,0.1,0.9,single_player_swap_2teams,crossover_swap_whole_position,roulette_selection,0.05714285714285552,2025-05-17 12:00:12.803444
50,100,True,0.1,0.9,single_player_swap_2teams,crossover_swap_whole_position,tournament_selection,0.05714285714285552,2025-05-17 12:00:18.130766
50,100,True,0.1,0.9,single_player_swap_2teams,crossover_swap_extreme_player,roulette_selection,0.05714285714285552,2025-05-17 12:00:35.277923
50,100,True,0.1,0.9,single_player_swap_2teams,crossover_swap_extreme_player,tournament_selection,0.05714285714285552,2025-05-17 12:00:40.390434
50,100,True,0.1,0.9,single_player_shift_all_teams,crossover_swap_whole_position,roulette_selection,0.22857142857142707,2025-05-17 12:00:57.460701
50,100,True,0.1,0.9,single_player_shift_all_teams,crossover_swap_whole_position,tournament_selection,0.16659862556700386,2025-05-17 12:01:02.433451
50,100,True,0.1,0.9,single_player_shift_all_teams,crossover_swap_extreme_player,roulette_selection,0.13997084244475427,2025-05-17 12:01:19.439722
50,100,True,0.1,0.9,single_player_shift_all_teams,crossover_swap_extreme_player,tournament_selection,0.20995626366712705,2025-05-17 12:01:24.560729
50,100,True,0.1,0.9,full_position_swap_2teams,crossover_swap_whole_position,roulette_selection,0.05714285714285552,2025-05-17 12:01:41.448287
50,100,True,0.1,0.9,full_position_swap_2teams,crossover_swap_whole_position,tournament_selection,0.10690449676496672,2025-05-17 12:01:46.407643
50,100,True,0.1,0.9,full_position_swap_2teams,crossover_swap_extreme_player,roulette_selection,0.05714285714285552,2025-05-17 12:02:03.205215
50,100,True,0.1,0.9,full_position_swap_2teams,crossover_swap_extreme_player,tournament_selection,0.05714285714285552,2025-05-17 12:02:08.332766
50,100,True,0.2,0.7,single_player_swap_2teams,crossover_swap_whole_position,roulette_selection,0.05714285714285552,2025-05-17 12:02:25.582875
50,100,True,0.2,0.7,single_player_swap_2teams,crossover_swap_whole_position,tournament_selection,0.05714285714285552,2025-05-17 12:02:30.772979
50,100,True,0.2,0.7,single_player_swap_2teams,crossover_swap_extreme_player,roulette_selection,0.05714285714285552,2025-05-17 12:02:47.884025
50,100,True,0.2,0.7,single_player_swap_2teams,crossover_swap_extreme_player,tournament_selection,0.05714285714285552,2025-05-17 12:02:53.036804
50,100,True,0.2,0.7,single_player_shift_all_teams,crossover_swap_whole_position,roulette_selection,0.16659862556700822,2025-05-17 12:03:10.115719
50,100,True,0.2,0.7,single_player_shift_all_teams,crossover_swap_whole_position,tournament_selection,0.22857142857142845,2025-05-17 12:03:15.376764
50,100,True,0.2,0.7,single_player_shift_all_teams,crossover_swap_extreme_player,roulette_selection,0.20995626366713055,2025-05-17 12:03:32.481234
50,100,True,0.2,0.7,single_player_shift_all_teams,crossover_swap_extreme_player,tournament_selection,0.16659862556700822,2025-05-17 12:03:37.524993
50,100,True,0.2,0.7,full_position_swap_2teams,crossover_swap_whole_position,roulette_selection,0.05714285714285552,2025-05-17 12:03:54.591642
50,100,True,0.2,0.7,full_position_swap_2teams,crossover_swap_whole_position,tournament_selection,0.10690449676496672,2025-05-17 12:03:59.924733
50,100,True,0.2,0.7,full_position_swap_2teams,crossover_swap_extreme_player,roulette_selection,0.10690449676496672,2025-05-17 12:04:16.857156
50,100,True,0.2,0.7,full_position_swap_2teams,crossover_swap_extreme_player,tournament_selection,0.10690449676496672,2025-05-17 12:04:22.179812
50,100,True,0.2,0.8,single_player_swap_2teams,crossover_swap_whole_position,roulette_selection,0.05714285714285552,2025-05-17 12:04:39.171078
50,100,True,0.2,0.8,single_player_swap_2teams,crossover_swap_whole_position,tournament_selection,0.05714285714285552,2025-05-17 12:04:44.131603
50,100,True,0.2,0.8,single_player_swap_2teams,crossover_swap_extreme_player,roulette_selection,0.05714285714285552,2025-05-17 12:05:01.975640
50,100,True,0.2,0.8,single_player_swap_2teams,crossover_swap_extreme_player,tournament_selection,0.05714285714285552,2025-05-17 12:05:07.813130
50,100,True,0.2,0.8,single_player_shift_all_teams,crossover_swap_whole_position,roulette_selection,0.16659862556700822,2025-05-17 12:05:24.714930
50,100,True,0.2,0.8,single_player_shift_all_teams,crossover_swap_whole_position,tournament_selection,0.1895214165917356,2025-05-17 12:05:29.871322
50,100,True,0.2,0.8,single_player_shift_all_teams,crossover_swap_extreme_player,roulette_selection,0.16659862556700822,2025-05-17 12:05:46.463829
50,100,True,0.2,0.8,single_player_shift_all_teams,crossover_swap_extreme_player,tournament_selection,0.20995626366713055,2025-05-17 12:05:51.960888
50,100,True,0.2,0.8,full_position_swap_2teams,crossover_swap_whole_position,roulette_selection,0.05714285714285552,2025-05-17 12:06:09.076587
50,100,True,0.2,0.8,full_position_swap_2teams,crossover_swap_whole_position,tournament_selection,0.05714285714285552,2025-05-17 12:06:13.993308
50,100,True,0.2,0.8,full_position_swap_2teams,crossover_swap_extreme_player,roulette_selection,0.05714285714285552,2025-05-17 12:06:31.034936
50,100,True,0.2,0.8,full_position_swap_2teams,crossover_swap_extreme_player,tournament_selection,0.13997084244474906,2025-05-17 12:06:36.440190
50,100,True,0.2,0.9,single_player_swap_2teams,crossover_swap_whole_position,roulette_selection,0.05714285714285552,2025-05-17 12:06:53.621682
50,100,True,0.2,0.9,single_player_swap_2teams,crossover_swap_whole_position,tournament_selection,0.05714285714285552,2025-05-17 12:06:59.716313
50,100,True,0.2,0.9,single_player_swap_2teams,crossover_swap_extreme_player,roulette_selection,0.05714285714285552,2025-05-17 12:07:19.856206
50,100,True,0.2,0.9,single_player_swap_2teams,crossover_swap_extreme_player,tournament_selection,0.05714285714285552,2025-05-17 12:07:25.995152
50,100,True,0.2,0.9,single_player_shift_all_teams,crossover_swap_whole_position,roulette_selection,0.16659862556700822,2025-05-17 12:07:45.228628
50,100,True,0.2,0.9,single_player_shift_all_teams,crossover_swap_whole_position,tournament_selection,0.16659862556700822,2025-05-17 12:07:50.426244
50,100,True,0.2,0.9,single_player_shift_all_teams,crossover_swap_extreme_player,roulette_selection,0.10690449676496672,2025-05-17 12:08:08.805231
50,100,True,0.2,0.9,single_player_shift_all_teams,crossover_swap_extreme_player,tournament_selection,0.16659862556700822,2025-05-17 12:08:14.261630
50,100,True,0.2,0.9,full_position_swap_2teams,crossover_swap_whole_position,roulette_selection,0.05714285714285552,2025-05-17 12:08:32.280873
50,100,True,0.2,0.9,full_position_swap_2teams,crossover_swap_whole_position,tournament_selection,0.05714285714285552,2025-05-17 12:08:37.858314
50,100,True,0.2,0.9,full_position_swap_2teams,crossover_swap_extreme_player,roulette_selection,0.05714285714285552,2025-05-17 12:08:56.104891
50,100,True,0.2,0.9,full_position_swap_2teams,crossover_swap_extreme_player,tournament_selection,0.10690449676496672,2025-05-17 12:09:02.017312
50,100,True,0.3,0.7,single_player_swap_2teams,crossover_swap_whole_position,roulette_selection,0.05714285714285552,2025-05-17 12:09:21.153896
50,100,True,0.3,0.7,single_player_swap_2teams,crossover_swap_whole_position,tournament_selection,0.05714285714285552,2025-05-17 12:09:26.507558
50,100,True,0.3,0.7,single_player_swap_2teams,crossover_swap_extreme_player,roulette_selection,0.05714285714285552,2025-05-17 12:09:46.786488
50,100,True,0.3,0.7,single_player_swap_2teams,crossover_swap_extreme_player,tournament_selection,0.05714285714285552,2025-05-17 12:09:54.100897
50,100,True,0.3,0.7,single_player_shift_all_teams,crossover_swap_whole_position,roulette_selection,0.13997084244475427,2025-05-17 12:10:12.369113
50,100,True,0.3,0.7,single_player_shift_all_teams,crossover_swap_whole_position,tournament_selection,0.16659862556700822,2025-05-17 12:10:17.089506
50,100,True,0.3,0.7,single_player_shift_all_teams,crossover_swap_extreme_player,roulette_selection,0.10690449676496672,2025-05-17 12:10:33.165647
50,100,True,0.3,0.7,single_player_shift_all_teams,crossover_swap_extreme_player,tournament_selection,0.16659862556700822,2025-05-17 12:10:39.264956
50,100,True,0.3,0.7,full_position_swap_2teams,crossover_swap_whole_position,roulette_selection,0.05714285714285552,2025-05-17 12:10:59.092820
50,100,True,0.3,0.7,full_position_swap_2teams,crossover_swap_whole_position,tournament_selection,0.10690449676496672,2025-05-17 12:11:04.547304
50,100,True,0.3,0.7,full_position_swap_2teams,crossover_swap_extreme_player,roulette_selection,0.05714285714285552,2025-05-17 12:11:24.789239
50,100,True,0.3,0.7,full_position_swap_2teams,crossover_swap_extreme_player,tournament_selection,0.05714285714285552,2025-05-17 12:11:30.514051
50,100,True,0.3,0.8,single_player_swap_2teams,crossover_swap_whole_position,roulette_selection,0.05714285714285552,2025-05-17 12:11:46.486374
50,100,True,0.3,0.8,single_player_swap_2teams,crossover_swap_whole_position,tournament_selection,0.05714285714285552,2025-05-17 12:11:51.103246
50,100,True,0.3,0.8,single_player_swap_2teams,crossover_swap_extreme_player,roulette_selection,0.05714285714285552,2025-05-17 12:12:08.760
50,100,True,0.3,0.8,single_player_swap_2teams,crossover_swap_extreme_player,tournament_selection,0.05714285714285552,2025-05-17 12:12:14.359096
50,100,True,0.3,0.8,single_player_shift_all_teams,crossover_swap_whole_position,roulette_selection,0.16659862556700386,2025-05-17 12:12:33.577654
50,100,True,0.3,0.8,single_player_shift_all_teams,crossover_swap_whole_position,tournament_selection,0.13997084244475427,2025-05-17 12:12:39.220686
50,100,True,0.3,0.8,single_player_shift_all_teams,crossover_swap_extreme_player,roulette_selection,0.05714285714285552,2025-05-17 12:12:58.222946
50,100,True,0.3,0.8,single_player_shift_all_teams,crossover_swap_extreme_player,tournament_selection,0.22857142857142845,2025-05-17 12:13:04.041934
50,100,True,0.3,0.8,full_position_swap_2teams,crossover_swap_whole_position,roulette_selection,0.10690449676496672,2025-05-17 12:13:23.693342
50,100,True,0.3,0.8,full_position_swap_2teams,crossover_swap_whole_position,tournament_selection,0.05714285714285552,2025-05-17 12:13:29.168894
50,100,True,0.3,0.8,full_position_swap_2teams,crossover_swap_extreme_player,roulette_selection,0.05714285714285552,2025-05-17 12:13:46.236901
50,100,True,0.3,0.8,full_position_swap_2teams,crossover_swap_extreme_player,tournament_selection,0.05714285714285552,2025-05-17 12:13:51.836674
50,100,True,0.3,0.9,single_player_swap_2teams,crossover_swap_whole_position,roulette_selection,0.05714285714285552,2025-05-17 12:14:09.448755
50,100,True,0.3,0.9,single_player_swap_2teams,crossover_swap_whole_position,tournament_selection,0.05714285714285552,2025-05-17 12:14:14.638562
50,100,True,0.3,0.9,single_player_swap_2teams,crossover_swap_extreme_player,roulette_selection,0.05714285714285552,2025-05-17 12:14:33.391025
50,100,True,0.3,0.9,single_player_swap_2teams,crossover_swap_extreme_player,tournament_selection,0.05714285714285552,2025-05-17 12:14:38.620350
50,100,True,0.3,0.9,single_player_shift_all_teams,crossover_swap_whole_position,roulette_selection,0.10690449676496672,2025-05-17 12:14:56.200732
50,100,True,0.3,0.9,single_player_shift_all_teams,crossover_swap_whole_position,tournament_selection,0.20995626366712705,2025-05-17 12:15:01.355169
50,100,True,0.3,0.9,single_player_shift_all_teams,crossover_swap_extreme_player,roulette_selection,0.13997084244474906,2025-05-17 12:15:18.761059
50,100,True,0.3,0.9,single_player_shift_all_teams,crossover_swap_extreme_player,tournament_selection,0.10690449676496672,2025-05-17 12:15:24.207566
50,100,True,0.3,0.9,full_position_swap_2teams,crossover_swap_whole_position,roulette_selection,0.13997084244475427,2025-05-17 12:15:41.703691
50,100,True,0.3,0.9,full_position_swap_2teams,crossover_swap_whole_position,tournament_selection,0.05714285714285552,2025-05-17 12:15:47.081085
50,100,True,0.3,0.9,full_position_swap_2teams,crossover_swap_extreme_player,roulette_selection,0.05714285714285552,2025-05-17 12:16:04.568181
50,100,True,0.3,0.9,full_position_swap_2teams,crossover_swap_extreme_player,tournament_selection,0.13997084244475427,2025-05-17 12:16:10.077374
100,50,True,0.1,0.7,single_player_swap_2teams,crossover_swap_whole_position,roulette_selection,0.05714285714285552,2025-05-17 12:16:40.134242
100,50,True,0.1,0.7,single_player_swap_2teams,crossover_swap_whole_position,tournament_selection,0.05714285714285552,2025-05-17 12:16:45.381630
100,50,True,0.1,0.7,single_player_swap_2teams,crossover_swap_extreme_player,roulette_selection,0.05714285714285552,2025-05-17 12:17:18.125665
100,50,True,0.1,0.7,single_player_swap_2teams,crossover_swap_extreme_player,tournament_selection,0.05714285714285552,2025-05-17 12:17:24.032775
100,50,True,0.1,0.7,single_player_shift_all_teams,crossover_swap_whole_position,roulette_selection,0.10690449676496672,2025-05-17 12:17:54.267271
100,50,True,0.1,0.7,single_player_shift_all_teams,crossover_swap_whole_position,tournament_selection,0.16659862556700822,2025-05-17 12:17:59.570102
100,50,True,0.1,0.7,single_player_shift_all_teams,crossover_swap_extreme_player,roulette_selection,0.05714285714285552,2025-05-17 12:18:29.028446
100,50,True,0.1,0.7,single_player_shift_all_teams,crossover_swap_extreme_player,tournament_selection,0.10690449676496672,2025-05-17 12:18:34.004631
100,50,True,0.1,0.7,full_position_swap_2teams,crossover_swap_whole_position,roulette_selection,0.05714285714285552,2025-05-17 12:19:05.283985
100,50,True,0.1,0.7,full_position_swap_2teams,crossover_swap_whole_position,tournament_selection,0.10690449676496672,2025-05-17 12:19:10.312278
100,50,True,0.1,0.7,full_position_swap_2teams,crossover_swap_extreme_player,roulette_selection,0.05714285714285552,2025-05-17 12:19:39.228279
100,50,True,0.1,0.7,full_position_swap_2teams,crossover_swap_extreme_player,tournament_selection,0.05714285714285552,2025-05-17 12:19:44.397461
100,50,True,0.1,0.8,single_player_swap_2teams,crossover_swap_whole_position,roulette_selection,0.05714285714285552,2025-05-17 12:20:14.384073
100,50,True,0.1,0.8,single_player_swap_2teams,crossover_swap_whole_position,tournament_selection,0.05714285714285552,2025-05-17 12:20:19.732342
100,50,True,0.1,0.8,single_player_swap_2teams,crossover_swap_extreme_player,roulette_selection,0.05714285714285552,2025-05-17 12:20:52.604489
100,50,True,0.1,0.8,single_player_swap_2teams,crossover_swap_extreme_player,tournament_selection,0.05714285714285552,2025-05-17 12:20:58.658913
100,50,True,0.1,0.8,single_player_shift_all_teams,crossover_swap_whole_position,roulette_selection,0.13997084244475427,2025-05-17 12:21:35.369535
100,50,True,0.1,0.8,single_player_shift_all_teams,crossover_swap_whole_position,tournament_selection,0.1895214165917356,2025-05-17 12:21:42.107612
100,50,True,0.1,0.8,single_player_shift_all_teams,crossover_swap_extreme_player,roulette_selection,0.10690449676496672,2025-05-17 12:22:12.665449
100,50,True,0.1,0.8,single_player_shift_all_teams,crossover_swap_extreme_player,tournament_selection,0.16659862556700822,2025-05-17 12:22:17.453423
100,50,True,0.1,0.8,full_position_swap_2teams,crossover_swap_whole_position,roulette_selection,0.10690449676496672,2025-05-17 12:22:51.152755
100,50,True,0.1,0.8,full_position_swap_2teams,crossover_swap_whole_position,tournament_selection,0.16659862556700822,2025-05-17 12:22:56.876202
100,50,True,0.1,0.8,full_position_swap_2teams,crossover_swap_extreme_player,roulette_selection,0.05714285714285552,2025-05-17 12:23:26.423034
100,50,True,0.1,0.8,full_position_swap_2teams,crossover_swap_extreme_player,tournament_selection,0.10690449676496672,2025-05-17 12:23:32.043121
100,50,True,0.1,0.9,single_player_swap_2teams,crossover_swap_whole_position,roulette_selection,0.05714285714285552,2025-05-17 12:24:04.068885
100,50,True,0.1,0.9,single_player_swap_2teams,crossover_swap_whole_position,tournament_selection,0.05714285714285552,2025-05-17 12:24:09.514904
100,50,True,0.1,0.9,single_player_swap_2teams,crossover_swap_extreme_player,roulette_selection,0.05714285714285552,2025-05-17 12:24:38.802322
100,50,True,0.1,0.9,single_player_swap_2teams,crossover_swap_extreme_player,tournament_selection,0.05714285714285552,2025-05-17 12:24:44.096231
100,50,True,0.1,0.9,single_player_shift_all_teams,crossover_swap_whole_position,roulette_selection,0.10690449676496672,2025-05-17 12:25:15.453368
100,50,True,0.1,0.9,single_player_shift_all_teams,crossover_swap_whole_position,tournament_selection,0.16659862556700822,2025-05-17 12:25:21.195695
100,50,True,0.1,0.9,single_player_shift_all_teams,crossover_swap_extreme_player,roulette_selection,0.05714285714285552,2025-05-17 12:25:50.143706
100,50,True,0.1,0.9,single_player_shift_all_teams,crossover_swap_extreme_player,tournament_selection,0.13997084244474906,2025-05-17 12:25:55.639752
100,50,True,0.1,0.9,full_position_swap_2teams,crossover_swap_whole_position,roulette_selection,0.05714285714285552,2025-05-17 12:26:28.575800
100,50,True,0.1,0.9,full_position_swap_2teams,crossover_swap_whole_position,tournament_selection,0.05714285714285552,2025-05-17 12:26:33.720336
100,50,True,0.1,0.9,full_position_swap_2teams,crossover_swap_extreme_player,roulette_selection,0.05714285714285552,2025-05-17 12:27:02.953343
100,50,True,0.1,0.9,full_position_swap_2teams,crossover_swap_extreme_player,tournament_selection,0.10690449676496672,2025-05-17 12:27:08.026690
100,50,True,0.2,0.7,single_player_swap_2teams,crossover_swap_whole_position,roulette_selection,0.05714285714285552,2025-05-17 12:27:37.975333
100,50,True,0.2,0.7,single_player_swap_2teams,crossover_swap_whole_position,tournament_selection,0.05714285714285552,2025-05-17 12:27:42.537608
100,50,True,0.2,0.7,single_player_swap_2teams,crossover_swap_extreme_player,roulette_selection,0.05714285714285552,2025-05-17 12:28:10.409985
100,50,True,0.2,0.7,single_player_swap_2teams,crossover_swap_extreme_player,tournament_selection,0.05714285714285552,2025-05-17 12:28:14.982054
100,50,True,0.2,0.7,single_player_shift_all_teams,crossover_swap_whole_position,roulette_selection,0.10690449676496672,2025-05-17 12:28:44.814103
100,50,True,0.2,0.7,single_player_shift_all_teams,crossover_swap_whole_position,tournament_selection,0.16659862556700822,2025-05-17 12:28:49.925310
100,50,True,0.2,0.7,single_player_shift_all_teams,crossover_swap_extreme_player,roulette_selection,0.16659862556700822,2025-05-17 12:29:16.945509
100,50,True,0.2,0.7,single_player_shift_all_teams,crossover_swap_extreme_player,tournament_selection,0.209956263667129,2025-05-17 12:29:21.922387
100,50,True,0.2,0.7,full_position_swap_2teams,crossover_swap_whole_position,roulette_selection,0.10690449676496672,2025-05-17 12:29:49.685623
100,50,True,0.2,0.7,full_position_swap_2teams,crossover_swap_whole_position,tournament_selection,0.05714285714285552,2025-05-17 12:29:54.739743
100,50,True,0.2,0.7,full_position_swap_2teams,crossover_swap_extreme_player,roulette_selection,0.05714285714285552,2025-05-17 12:30:21.574088
100,50,True,0.2,0.7,full_position_swap_2teams,crossover_swap_extreme_player,tournament_selection,0.05714285714285552,2025-05-17 12:30:26.603328
100,50,True,0.2,0.8,single_player_swap_2teams,crossover_swap_whole_position,roulette_selection,0.05714285714285552,2025-05-17 12:30:54.558096
100,50,True,0.2,0.8,single_player_swap_2teams,crossover_swap_whole_position,tournament_selection,0.05714285714285552,2025-05-17 12:30:59.567743
100,50,True,0.2,0.8,single_player_swap_2teams,crossover_swap_extreme_player,roulette_selection,0.05714285714285552,2025-05-17 12:31:28.370964
100,50,True,0.2,0.8,single_player_swap_2teams,crossover_swap_extreme_player,tournament_selection,0.05714285714285552,2025-05-17 12:31:34.605462
100,50,True,0.2,0.8,single_player_shift_all_teams,crossover_swap_whole_position,roulette_selection,0.16659862556700386,2025-05-17 12:32:05.032201
100,50,True,0.2,0.8,single_player_shift_all_teams,crossover_swap_whole_position,tournament_selection,0.13997084244474906,2025-05-17 12:32:10.422983
100,50,True,0.2,0.8,single_player_shift_all_teams,crossover_swap_extreme_player,roulette_selection,0.10690449676496672,2025-05-17 12:32:39.579218
100,50,True,0.2,0.8,single_player_shift_all_teams,crossover_swap_extreme_player,tournament_selection,0.10690449676496672,2025-05-17 12:32:44.643874
100,50,True,0.2,0.8,full_position_swap_2teams,crossover_swap_whole_position,roulette_selection,0.05714285714285552,2025-05-17 12:33:14.495469
100,50,True,0.2,0.8,full_position_swap_2teams,crossover_swap_whole_position,tournament_selection,0.05714285714285552,2025-05-17 12:33:20.019113
100,50,True,0.2,0.8,full_position_swap_2teams,crossover_swap_extreme_player,roulette_selection,0.05714285714285552,2025-05-17 12:33:49.058689
100,50,True,0.2,0.8,full_position_swap_2teams,crossover_swap_extreme_player,tournament_selection,0.05714285714285552,2025-05-17 12:33:54.368881
100,50,True,0.2,0.9,single_player_swap_2teams,crossover_swap_whole_position,roulette_selection,0.05714285714285552,2025-05-17 12:34:24.386191
100,50,True,0.2,0.9,single_player_swap_2teams,crossover_swap_whole_position,tournament_selection,0.05714285714285552,2025-05-17 12:34:29.572775
100,50,True,0.2,0.9,single_player_swap_2teams,crossover_swap_extreme_player,roulette_selection,0.05714285714285552,2025-05-17 12:34:58.526268
100,50,True,0.2,0.9,single_player_swap_2teams,crossover_swap_extreme_player,tournament_selection,0.05714285714285552,2025-05-17 12:35:03.726831
100,50,True,0.2,0.9,single_player_shift_all_teams,crossover_swap_whole_position,roulette_selection,0.1895214165917356,2025-05-17 12:35:33.650295
100,50,True,0.2,0.9,single_player_shift_all_teams,crossover_swap_whole_position,tournament_selection,0.10690449676496672,2025-05-17 12:35:38.905198
100,50,True,0.2,0.9,single_player_shift_all_teams,crossover_swap_extreme_player,roulette_selection,0.05714285714285552,2025-05-17 12:36:11.042742
100,50,True,0.2,0.9,single_player_shift_all_teams,crossover_swap_extreme_player,tournament_selection,0.10690449676496672,2025-05-17 12:36:16.521007
100,50,True,0.2,0.9,full_position_swap_2teams,crossover_swap_whole_position,roulette_selection,0.05714285714285552,2025-05-17 12:36:46.536141
100,50,True,0.2,0.9,full_position_swap_2teams,crossover_swap_whole_position,tournament_selection,0.10690449676496672,2025-05-17 12:36:52.017344
100,50,True,0.2,0.9,full_position_swap_2teams,crossover_swap_extreme_player,roulette_selection,0.05714285714285552,2025-05-17 12:37:22.155068
100,50,True,0.2,0.9,full_position_swap_2teams,crossover_swap_extreme_player,tournament_selection,0.05714285714285552,2025-05-17 12:37:28.050921
100,50,True,0.3,0.7,single_player_swap_2teams,crossover_swap_whole_position,roulette_selection,0.05714285714285552,2025-05-17 12:37:58.557654
100,50,True,0.3,0.7,single_player_swap_2teams,crossover_swap_whole_position,tournament_selection,0.05714285714285552,2025-05-17 12:38:03.949042
100,50,True,0.3,0.7,single_player_swap_2teams,crossover_swap_extreme_player,roulette_selection,0.05714285714285552,2025-05-17 12:38:33.620299
100,50,True,0.3,0.7,single_player_swap_2teams,crossover_swap_extreme_player,tournament_selection,0.05714285714285552,2025-05-17 12:38:38.810100
100,50,True,0.3,0.7,single_player_shift_all_teams,crossover_swap_whole_position,roulette_selection,0.20995626366712708,2025-05-17 12:39:09.106949
100,50,True,0.3,0.7,single_player_shift_all_teams,crossover_swap_whole_position,tournament_selection,0.1895214165917356,2025-05-17 12:39:14.697168
100,50,True,0.3,0.7,single_player_shift_all_teams,crossover_swap_extreme_player,roulette_selection,0.10690449676496672,2025-05-17 12:39:44.003646
100,50,True,0.3,0.7,single_player_shift_all_teams,crossover_swap_extreme_player,tournament_selection,0.10690449676496672,2025-05-17 12:39:49.291900
100,50,True,0.3,0.7,full_position_swap_2teams,crossover_swap_whole_position,roulette_selection,0.10690449676496672,2025-05-17 12:40:20.850524
100,50,True,0.3,0.7,full_position_swap_2teams,crossover_swap_whole_position,tournament_selection,0.05714285714285552,2025-05-17 12:40:26.219716
100,50,True,0.3,0.7,full_position_swap_2teams,crossover_swap_extreme_player,roulette_selection,0.05714285714285552,2025-05-17 12:40:55.494181
100,50,True,0.3,0.7,full_position_swap_2teams,crossover_swap_extreme_player,tournament_selection,0.10690449676496672,2025-05-17 12:41:00.801477
100,50,True,0.3,0.8,single_player_swap_2teams,crossover_swap_whole_position,roulette_selection,0.05714285714285552,2025-05-17 12:41:32.082047
100,50,True,0.3,0.8,single_player_swap_2teams,crossover_swap_whole_position,tournament_selection,0.05714285714285552,2025-05-17 12:41:37.677807
100,50,True,0.3,0.8,single_player_swap_2teams,crossover_swap_extreme_player,roulette_selection,0.05714285714285552,2025-05-17 12:42:06.773558
100,50,True,0.3,0.8,single_player_swap_2teams,crossover_swap_extreme_player,tournament_selection,0.05714285714285552,2025-05-17 12:42:12.373221
100,50,True,0.3,0.8,single_player_shift_all_teams,crossover_swap_whole_position,roulette_selection,0.10690449676496672,2025-05-17 12:42:43.169387
100,50,True,0.3,0.8,single_player_shift_all_teams,crossover_swap_whole_position,tournament_selection,0.1895214165917356,2025-05-17 12:42:48.519291
100,50,True,0.3,0.8,single_player_shift_all_teams,crossover_swap_extreme_player,roulette_selection,0.10690449676496672,2025-05-17 12:43:19.643842
100,50,True,0.3,0.8,single_player_shift_all_teams,crossover_swap_extreme_player,tournament_selection,0.10690449676496672,2025-05-17 12:43:25.114048
100,50,True,0.3,0.8,full_position_swap_2teams,crossover_swap_whole_position,roulette_selection,0.10690449676496672,2025-05-17 12:43:55.636535
100,50,True,0.3,0.8,full_position_swap_2teams,crossover_swap_whole_position,tournament_selection,0.05714285714285552,2025-05-17 12:44:01.271033
100,50,True,0.3,0.8,full_position_swap_2teams,crossover_swap_extreme_player,roulette_selection,0.05714285714285552,2025-05-17 12:44:30.502927
100,50,True,0.3,0.8,full_position_swap_2teams,crossover_swap_extreme_player,tournament_selection,0.10690449676496672,2025-05-17 12:44:35.979466
100,50,True,0.3,0.9,single_player_swap_2teams,crossover_swap_whole_position,roulette_selection,0.05714285714285552,2025-05-17 12:45:05.917360
100,50,True,0.3,0.9,single_player_swap_2teams,crossover_swap_whole_position,tournament_selection,0.05714285714285552,2025-05-17 12:45:11.288473
100,50,True,0.3,0.9,single_player_swap_2teams,crossover_swap_extreme_player,roulette_selection,0.05714285714285552,2025-05-17 12:45:40.557525
100,50,True,0.3,0.9,single_player_swap_2teams,crossover_swap_extreme_player,tournament_selection,0.05714285714285552,2025-05-17 12:45:45.804648
100,50,True,0.3,0.9,single_player_shift_all_teams,crossover_swap_whole_position,roulette_selection,0.1895214165917356,2025-05-17 12:46:16.005557
100,50,True,0.3,0.9,single_player_shift_all_teams,crossover_swap_whole_position,tournament_selection,0.10690449676496672,2025-05-17 12:46:21.535940
100,50,True,0.3,0.9,single_player_shift_all_teams,crossover_swap_extreme_player,roulette_selection,0.05714285714285552,2025-05-17 12:46:51.105213
100,50,True,0.3,0.9,single_player_shift_all_teams,crossover_swap_extreme_player,tournament_selection,0.10690449676496672,2025-05-17 12:46:57.059785
100,50,True,0.3,0.9,full_position_swap_2teams,crossover_swap_whole_position,roulette_selection,0.05714285714285552,2025-05-17 12:47:26.716613
100,50,True,0.3,0.9,full_position_swap_2teams,crossover_swap_whole_position,tournament_selection,0.05714285714285552,2025-05-17 12:47:32.228042
100,50,True,0.3,0.9,full_position_swap_2teams,crossover_swap_extreme_player,roulette_selection,0.05714285714285552,2025-05-17 12:48:01.759281
100,50,True,0.3,0.9,full_position_swap_2teams,crossover_swap_extreme_player,tournament_selection,0.05714285714285552,2025-05-17 12:48:06.985850
100,100,True,0.1,0.7,single_player_swap_2teams,crossover_swap_whole_position,roulette_selection,0.05714285714285552,2025-05-17 12:49:07.108766
100,100,True,0.1,0.7,single_player_swap_2teams,crossover_swap_whole_position,tournament_selection,0.05714285714285552,2025-05-17 12:49:17.106561
100,100,True,0.1,0.7,single_player_swap_2teams,crossover_swap_extreme_player,roulette_selection,0.05714285714285552,2025-05-17 12:50:14.513642
100,100,True,0.1,0.7,single_player_swap_2teams,crossover_swap_extreme_player,tournament_selection,0.05714285714285552,2025-05-17 12:50:24.659415
100,100,True,0.1,0.7,single_player_shift_all_teams,crossover_swap_whole_position,roulette_selection,0.10690449676496672,2025-05-17 12:51:23.146896
100,100,True,0.1,0.7,single_player_shift_all_teams,crossover_swap_whole_position,tournament_selection,0.1895214165917356,2025-05-17 12:51:35.019796
100,100,True,0.1,0.7,single_player_shift_all_teams,crossover_swap_extreme_player,roulette_selection,0.16659862556700822,2025-05-17 12:52:34.058014
100,100,True,0.1,0.7,single_player_shift_all_teams,crossover_swap_extreme_player,tournament_selection,0.10690449676496672,2025-05-17 12:52:44.109949
100,100,True,0.1,0.7,full_position_swap_2teams,crossover_swap_whole_position,roulette_selection,0.16659862556700822,2025-05-17 12:53:45.166430
100,100,True,0.1,0.7,full_position_swap_2teams,crossover_swap_whole_position,tournament_selection,0.10690449676496672,2025-05-17 12:53:55.831024
100,100,True,0.1,0.7,full_position_swap_2teams,crossover_swap_extreme_player,roulette_selection,0.10690449676496672,2025-05-17 12:54:53.718408
100,100,True,0.1,0.7,full_position_swap_2teams,crossover_swap_extreme_player,tournament_selection,0.05714285714285552,2025-05-17 12:55:03.884725
100,100,True,0.1,0.8,single_player_swap_2teams,crossover_swap_whole_position,roulette_selection,0.05714285714285552,2025-05-17 12:56:03.946091
100,100,True,0.1,0.8,single_player_swap_2teams,crossover_swap_whole_position,tournament_selection,0.05714285714285552,2025-05-17 12:56:13.965276
100,100,True,0.1,0.8,single_player_swap_2teams,crossover_swap_extreme_player,roulette_selection,0.05714285714285552,2025-05-17 12:57:11.368873
100,100,True,0.1,0.8,single_player_swap_2teams,crossover_swap_extreme_player,tournament_selection,0.05714285714285552,2025-05-17 12:57:21.579463
100,100,True,0.1,0.8,single_player_shift_all_teams,crossover_swap_whole_position,roulette_selection,0.1895214165917356,2025-05-17 12:58:20.362833
100,100,True,0.1,0.8,single_player_shift_all_teams,crossover_swap_whole_position,tournament_selection,0.13997084244475427,2025-05-17 12:58:30.798222
100,100,True,0.1,0.8,single_player_shift_all_teams,crossover_swap_extreme_player,roulette_selection,0.10690449676496672,2025-05-17 12:59:28.518407
100,100,True,0.1,0.8,single_player_shift_all_teams,crossover_swap_extreme_player,tournament_selection,0.16659862556700822,2025-05-17 12:59:38.404897
100,100,True,0.1,0.8,full_position_swap_2teams,crossover_swap_whole_position,roulette_selection,0.13997084244475427,2025-05-17 13:00:38.143923
100,100,True,0.1,0.8,full_position_swap_2teams,crossover_swap_whole_position,tournament_selection,0.05714285714285552,2025-05-17 13:00:48.592223
100,100,True,0.1,0.8,full_position_swap_2teams,crossover_swap_extreme_player,roulette_selection,0.05714285714285552,2025-05-17 13:01:45.784681
100,100,True,0.1,0.8,full_position_swap_2teams,crossover_swap_extreme_player,tournament_selection,0.10690449676496672,2025-05-17 13:01:55.901576
100,100,True,0.1,0.9,single_player_swap_2teams,crossover_swap_whole_position,roulette_selection,0.05714285714285552,2025-05-17 13:02:55.036034
100,100,True,0.1,0.9,single_player_swap_2teams,crossover_swap_whole_position,tournament_selection,0.05714285714285552,2025-05-17 13:03:05.474352
100,100,True,0.1,0.9,single_player_swap_2teams,crossover_swap_extreme_player,roulette_selection,0.05714285714285552,2025-05-17 13:04:03.071098
100,100,True,0.1,0.9,single_player_swap_2teams,crossover_swap_extreme_player,tournament_selection,0.05714285714285552,2025-05-17 13:04:13.216385
100,100,True,0.1,0.9,single_player_shift_all_teams,crossover_swap_whole_position,roulette_selection,0.13997084244475427,2025-05-17 13:05:13.054545
100,100,True,0.1,0.9,single_player_shift_all_teams,crossover_swap_whole_position,tournament_selection,0.10690449676496672,2025-05-17 13:05:23.323979
100,100,True,0.1,0.9,single_player_shift_all_teams,crossover_swap_extreme_player,roulette_selection,0.10690449676496672,2025-05-17 13:06:21.088616
100,100,True,0.1,0.9,single_player_shift_all_teams,crossover_swap_extreme_player,tournament_selection,0.22857142857142707,2025-05-17 13:06:31.398675
100,100,True,0.1,0.9,full_position_swap_2teams,crossover_swap_whole_position,roulette_selection,0.05714285714285552,2025-05-17 13:07:30.462180
100,100,True,0.1,0.9,full_position_swap_2teams,crossover_swap_whole_position,tournament_selection,0.05714285714285552,2025-05-17 13:07:40.637648
100,100,True,0.1,0.9,full_position_swap_2teams,crossover_swap_extreme_player,roulette_selection,0.05714285714285552,2025-05-17 13:08:38.705639
100,100,True,0.1,0.9,full_position_swap_2teams,crossover_swap_extreme_player,tournament_selection,0.05714285714285552,2025-05-17 13:08:49.114234
100,100,True,0.2,0.7,single_player_swap_2teams,crossover_swap_whole_position,roulette_selection,0.05714285714285552,2025-05-17 13:09:49.812763
100,100,True,0.2,0.7,single_player_swap_2teams,crossover_swap_whole_position,tournament_selection,0.05714285714285552,2025-05-17 13:10:00.214075
100,100,True,0.2,0.7,single_player_swap_2teams,crossover_swap_extreme_player,roulette_selection,0.05714285714285552,2025-05-17 13:10:58.098478
100,100,True,0.2,0.7,single_player_swap_2teams,crossover_swap_extreme_player,tournament_selection,0.05714285714285552,2025-05-17 13:11:08.339477
100,100,True,0.2,0.7,single_player_shift_all_teams,crossover_swap_whole_position,roulette_selection,0.10690449676496672,2025-05-17 13:12:08.192265
100,100,True,0.2,0.7,single_player_shift_all_teams,crossover_swap_whole_position,tournament_selection,0.16659862556700822,2025-05-17 13:12:19.361159
100,100,True,0.2,0.7,single_player_shift_all_teams,crossover_swap_extreme_player,roulette_selection,0.10690449676496672,2025-05-17 13:13:17.191585
100,100,True,0.2,0.7,single_player_shift_all_teams,crossover_swap_extreme_player,tournament_selection,0.16659862556700822,2025-05-17 13:13:27.618432
100,100,True,0.2,0.7,full_position_swap_2teams,crossover_swap_whole_position,roulette_selection,0.05714285714285552,2025-05-17 13:14:28.715735
100,100,True,0.2,0.7,full_position_swap_2teams,crossover_swap_whole_position,tournament_selection,0.05714285714285552,2025-05-17 13:14:38.836892
100,100,True,0.2,0.7,full_position_swap_2teams,crossover_swap_extreme_player,roulette_selection,0.05714285714285552,2025-05-17 13:15:37.948470
100,100,True,0.2,0.7,full_position_swap_2teams,crossover_swap_extreme_player,tournament_selection,0.05714285714285552,2025-05-17 13:15:48.255704
100,100,True,0.2,0.8,single_player_swap_2teams,crossover_swap_whole_position,roulette_selection,0.05714285714285552,2025-05-17 13:16:49.687086
100,100,True,0.2,0.8,single_player_swap_2teams,crossover_swap_whole_position,tournament_selection,0.05714285714285552,2025-05-17 13:17:00.408343
100,100,True,0.2,0.8,single_player_swap_2teams,crossover_swap_extreme_player,roulette_selection,0.05714285714285552,2025-05-17 13:17:58.993391
100,100,True,0.2,0.8,single_player_swap_2teams,crossover_swap_extreme_player,tournament_selection,0.10690449676496672,2025-05-17 13:18:09.629267
100,100,True,0.2,0.8,single_player_shift_all_teams,crossover_swap_whole_position,roulette_selection,0.13997084244475427,2025-05-17 13:19:10.197409
100,100,True,0.2,0.8,single_player_shift_all_teams,crossover_swap_whole_position,tournament_selection,0.10690449676496672,2025-05-17 13:19:21.541293
100,100,True,0.2,0.8,single_player_shift_all_teams,crossover_swap_extreme_player,roulette_selection,0.05714285714285552,2025-05-17 13:20:19.567759
100,100,True,0.2,0.8,single_player_shift_all_teams,crossover_swap_extreme_player,tournament_selection,0.13997084244475427,2025-05-17 13:20:29.759397
100,100,True,0.2,0.8,full_position_swap_2teams,crossover_swap_whole_position,roulette_selection,0.05714285714285552,2025-05-17 13:21:29.940162
100,100,True,0.2,0.8,full_position_swap_2teams,crossover_swap_whole_position,tournament_selection,0.05714285714285552,2025-05-17 13:21:40.596296
100,100,True,0.2,0.8,full_position_swap_2teams,crossover_swap_extreme_player,roulette_selection,0.10690449676496672,2025-05-17 13:22:38.393003
100,100,True,0.2,0.8,full_position_swap_2teams,crossover_swap_extreme_player,tournament_selection,0.05714285714285552,2025-05-17 13:22:48.817437
100,100,True,0.2,0.9,single_player_swap_2teams,crossover_swap_whole_position,roulette_selection,0.05714285714285552,2025-05-17 13:23:49.383976
100,100,True,0.2,0.9,single_player_swap_2teams,crossover_swap_whole_position,tournament_selection,0.05714285714285552,2025-05-17 13:23:59.940320
100,100,True,0.2,0.9,single_player_swap_2teams,crossover_swap_extreme_player,roulette_selection,0.05714285714285552,2025-05-17 13:24:58.308156
100,100,True,0.2,0.9,single_player_swap_2teams,crossover_swap_extreme_player,tournament_selection,0.05714285714285552,2025-05-17 13:25:08.527464
100,100,True,0.2,0.9,single_player_shift_all_teams,crossover_swap_whole_position,roulette_selection,0.05714285714285552,2025-05-17 13:26:09.452338
100,100,True,0.2,0.9,single_player_shift_all_teams,crossover_swap_whole_position,tournament_selection,0.10690449676496672,2025-05-17 13:26:20.368074
100,100,True,0.2,0.9,single_player_shift_all_teams,crossover_swap_extreme_player,roulette_selection,0.10690449676496672,2025-05-17 13:27:17.876175
100,100,True,0.2,0.9,single_player_shift_all_teams,crossover_swap_extreme_player,tournament_selection,0.05714285714285552,2025-05-17 13:27:28.081216
100,100,True,0.2,0.9,full_position_swap_2teams,crossover_swap_whole_position,roulette_selection,0.10690449676496672,2025-05-17 13:28:28.757378
100,100,True,0.2,0.9,full_position_swap_2teams,crossover_swap_whole_position,tournament_selection,0.05714285714285552,2025-05-17 13:28:39.377371
100,100,True,0.2,0.9,full_position_swap_2teams,crossover_swap_extreme_player,roulette_selection,0.05714285714285552,2025-05-17 13:29:37.425405
100,100,True,0.2,0.9,full_position_swap_2teams,crossover_swap_extreme_player,tournament_selection,0.10690449676496672,2025-05-17 13:29:47.852502
100,100,True,0.3,0.7,single_player_swap_2teams,crossover_swap_whole_position,roulette_selection,0.05714285714285552,2025-05-17 13:30:48.410729
100,100,True,0.3,0.7,single_player_swap_2teams,crossover_swap_whole_position,tournament_selection,0.05714285714285552,2025-05-17 13:30:59.012480
100,100,True,0.3,0.7,single_player_swap_2teams,crossover_swap_extreme_player,roulette_selection,0.05714285714285552,2025-05-17 13:31:57.049711
100,100,True,0.3,0.7,single_player_swap_2teams,crossover_swap_extreme_player,tournament_selection,0.05714285714285552,2025-05-17 13:32:07.337455
100,100,True,0.3,0.7,single_player_shift_all_teams,crossover_swap_whole_position,roulette_selection,0.05714285714285552,2025-05-17 13:33:08.101847
100,100,True,0.3,0.7,single_player_shift_all_teams,crossover_swap_whole_position,tournament_selection,0.10690449676496672,2025-05-17 13:33:18.487625
100,100,True,0.3,0.7,single_player_shift_all_teams,crossover_swap_extreme_player,roulette_selection,0.05714285714285552,2025-05-17 13:34:17.062019
100,100,True,0.3,0.7,single_player_shift_all_teams,crossover_swap_extreme_player,tournament_selection,0.13997084244475427,2025-05-17 13:34:27.450904
100,100,True,0.3,0.7,full_position_swap_2teams,crossover_swap_whole_position,roulette_selection,0.10690449676496672,2025-05-17 13:35:28.861336
100,100,True,0.3,0.7,full_position_swap_2teams,crossover_swap_whole_position,tournament_selection,0.05714285714285552,2025-05-17 13:35:39.100883
100,100,True,0.3,0.7,full_position_swap_2teams,crossover_swap_extreme_player,roulette_selection,0.05714285714285552,2025-05-17 13:36:37.691700
100,100,True,0.3,0.7,full_position_swap_2teams,crossover_swap_extreme_player,tournament_selection,0.05714285714285552,2025-05-17 13:36:48.016738
100,100,True,0.3,0.8,single_player_swap_2teams,crossover_swap_whole_position,roulette_selection,0.05714285714285552,2025-05-17 13:37:48.381519
100,100,True,0.3,0.8,single_player_swap_2teams,crossover_swap_whole_position,tournament_selection,0.05714285714285552,2025-05-17 13:37:58.942718
100,100,True,0.3,0.8,single_player_swap_2teams,crossover_swap_extreme_player,roulette_selection,0.05714285714285552,2025-05-17 13:38:58.029503
100,100,True,0.3,0.8,single_player_swap_2teams,crossover_swap_extreme_player,tournament_selection,0.05714285714285552,2025-05-17 13:39:08.300739
100,100,True,0.3,0.8,single_player_shift_all_teams,crossover_swap_whole_position,roulette_selection,0.16659862556700822,2025-05-17 13:40:12.885030
100,100,True,0.3,0.8,single_player_shift_all_teams,crossover_swap_whole_position,tournament_selection,0.10690449676496672,2025-05-17 13:40:23.835635
100,100,True,0.3,0.8,single_player_shift_all_teams,crossover_swap_extreme_player,roulette_selection,0.10690449676496672,2025-05-17 13:41:22.208074
100,100,True,0.3,0.8,single_player_shift_all_teams,crossover_swap_extreme_player,tournament_selection,0.10690449676496672,2025-05-17 13:41:32.361174
100,100,True,0.3,0.8,full_position_swap_2teams,crossover_swap_whole_position,roulette_selection,0.05714285714285552,2025-05-17 13:42:33.095566
100,100,True,0.3,0.8,full_position_swap_2teams,crossover_swap_whole_position,tournament_selection,0.05714285714285552,2025-05-17 13:42:43.495342
100,100,True,0.3,0.8,full_position_swap_2teams,crossover_swap_extreme_player,roulette_selection,0.05714285714285552,2025-05-17 13:43:41.369631
100,100,True,0.3,0.8,full_position_swap_2teams,crossover_swap_extreme_player,tournament_selection,0.05714285714285552,2025-05-17 13:43:51.909731
100,100,True,0.3,0.9,single_player_swap_2teams,crossover_swap_whole_position,roulette_selection,0.05714285714285552,2025-05-17 13:44:52.330855
100,100,True,0.3,0.9,single_player_swap_2teams,crossover_swap_whole_position,tournament_selection,0.05714285714285552,2025-05-17 13:45:02.705122
100,100,True,0.3,0.9,single_player_swap_2teams,crossover_swap_extreme_player,roulette_selection,0.05714285714285552,2025-05-17 13:46:02.523602
100,100,True,0.3,0.9,single_player_swap_2teams,crossover_swap_extreme_player,tournament_selection,0.05714285714285552,2025-05-17 13:46:13.361236
100,100,True,0.3,0.9,single_player_shift_all_teams,crossover_swap_whole_position,roulette_selection,0.1895214165917356,2025-05-17 13:47:16.213094
100,100,True,0.3,0.9,single_player_shift_all_teams,crossover_swap_whole_position,tournament_selection,0.16659862556700383,2025-05-17 13:47:27.602315
100,100,True,0.3,0.9,single_player_shift_all_teams,crossover_swap_extreme_player,roulette_selection,0.13997084244474906,2025-05-17 13:48:26.137155
100,100,True,0.3,0.9,single_player_shift_all_teams,crossover_swap_extreme_player,tournament_selection,0.05714285714285552,2025-05-17 13:48:36.482978
100,100,True,0.3,0.9,full_position_swap_2teams,crossover_swap_whole_position,roulette_selection,0.05714285714285552,2025-05-17 13:49:37.829123
100,100,True,0.3,0.9,full_position_swap_2teams,crossover_swap_whole_position,tournament_selection,0.10690449676496672,2025-05-17 13:49:48.558181
100,100,True,0.3,0.9,full_position_swap_2teams,crossover_swap_extreme_player,roulette_selection,0.10690449676496672,2025-05-17 13:50:52.262977
100,100,True,0.3,0.9,full_position_swap_2teams,crossover_swap_extreme_player,tournament_selection,0.05714285714285552,2025-05-17 13:51:04.342145
50,50,True,0.1,0.7,single_player_swap_2teams,crossover_swap_whole_position,roulette_selection,0.05714285714285552,2025-05-19 13:31:38.445434
50,50,True,0.1,0.7,single_player_swap_2teams,crossover_swap_whole_position,tournament_selection,0.10690449676496672,2025-05-19 13:31:41.286024
50,50,True,0.1,0.7,single_player_swap_2teams,crossover_swap_extreme_player,roulette_selection,0.05714285714285552,2025-05-19 13:31:50.639467
50,50,True,0.1,0.7,single_player_swap_2teams,crossover_swap_extreme_player,tournament_selection,0.05714285714285552,2025-05-19 13:31:53.419551
50,50,True,0.1,0.7,single_player_swap_2teams,crossover_swap_whole_position,roulette_selection,0.05714285714285552,2025-05-19 13:40:02.048906
50,50,True,0.1,0.7,single_player_swap_2teams,crossover_swap_whole_position,tournament_selection,0.05714285714285552,2025-05-19 13:40:04.845117
50,50,True,0.1,0.7,single_player_swap_2teams,crossover_swap_extreme_player,roulette_selection,0.05714285714285552,2025-05-19 13:40:13.790009
50,50,True,0.1,0.7,single_player_swap_2teams,crossover_swap_extreme_player,tournament_selection,0.05714285714285552,2025-05-19 13:40:16.771386
50,50,True,0.1,0.7,single_player_shift_all_teams,crossover_swap_whole_position,roulette_selection,0.209956263667129,2025-05-19 13:40:25.138448
50,50,True,0.1,0.7,single_player_swap_2teams,crossover_swap_whole_position,roulette_selection,0.05714285714285552,2025-05-19 14:03:37.856014
50,50,True,0.1,0.7,single_player_swap_2teams,crossover_swap_whole_position,tournament_selection,0.05714285714285552,2025-05-19 14:03:41.125136
50,50,True,0.1,0.7,single_player_swap_2teams,crossover_swap_extreme_player,roulette_selection,0.05714285714285552,2025-05-19 14:03:52.256791
50,50,True,0.1,0.7,single_player_swap_2teams,crossover_swap_extreme_player,tournament_selection,0.05714285714285552,2025-05-19 14:03:55.506258
50,50,True,0.1,0.7,single_player_shift_all_teams,crossover_swap_whole_position,roulette_selection,0.1895214165917356,2025-05-19 14:04:09.644636
50,50,True,0.1,0.7,single_player_shift_all_teams,crossover_swap_whole_position,tournament_selection,0.10690449676496672,2025-05-19 14:04:14.151483
50,50,True,0.1,0.7,single_player_shift_all_teams,crossover_swap_extreme_player,roulette_selection,0.13997084244474906,2025-05-19 14:04:30.618528
50,50,True,0.1,0.7,single_player_shift_all_teams,crossover_swap_extreme_player,tournament_selection,0.10690449676496672,2025-05-19 14:04:36.693672
